Name,Phone,Address,City,Country,Email
Hillary Benton,1-243-669-7472,144-1225 In Road,Navsari,Togo,rutrum.magna.Cras@eudolor.edu
Morgan Y. Little,155-3483,Ap #909-6656 Ac St.,Kitimat,Nauru,pede.sagittis.augue@quis.ca
Camden Z. Blair,123-5058,"P.O. Box 441, 6183 Ligula St.",Casanova Elvo,"Palestine, State of",consectetuer.rhoncus.Nullam@ultrices.org
Alexandra E. Saunders,1-637-740-7614,305-496 Morbi Rd.,Biggleswade,Malawi,dui.Fusce@duinecurna.org
Hanae P. Walsh,901-2461,7058 Dapibus St.,Dhuy,Qatar,Morbi@tinciduntpedeac.com
Jescie Sargent,265-1176,421-5501 Cursus. St.,Tulsa,Holy See (Vatican City State),non.egestas.a@ullamcorper.co.uk
Kessie Morgan,945-0713,Ap #481-6631 Vehicula Rd.,Pedro Aguirre Cerda,"Bonaire, Sint Eustatius and Saba",est@vitaeeratVivamus.net
Bevis M. Santos,227-9994,"P.O. Box 575, 4033 Mi St.",Saint-Vincent,Kuwait,Nunc@Aliquamfringilla.com
Flynn Alston,398-8097,"Ap #763-5990 Nec, Av.",Tirúa,Romania,Nunc.pulvinar@Phasellusdapibus.edu
Charles F. Crawford,791-5111,Ap #841-1623 Vitae Avenue,Hindupur,South Georgia and The South Sandwich Islands,dis.parturient@nectellusNunc.net
Cairo Wolfe,1-930-942-2322,9269 Libero Ave,Whitchurch,Lesotho,sociis.natoque@arcuVestibulumante.org
Elijah Myers,1-238-336-4864,"P.O. Box 677, 2311 Aliquet. Road",Port Harcourt,Kyrgyzstan,tempus.risus@posuereat.net
Thane Burch,1-894-978-3696,"7438 Amet, Rd.",Algeciras,Anguilla,lobortis.quis.pede@Namligula.edu
Katelyn Munoz,220-5054,"P.O. Box 432, 9085 Nulla Ave",Requínoa,Congo (Brazzaville),Vivamus.nisi.Mauris@fermentumarcu.edu
Genevieve Holland,992-6968,1768 Magna. Road,Moose Jaw,Uruguay,Maecenas.malesuada@euultrices.co.uk
Wesley Z. Sharp,1-960-740-2261,"P.O. Box 497, 8354 Habitant St.",Bear,Cayman Islands,et@sedsapien.ca
Tatyana H. French,1-120-782-6047,217-9163 Lobortis Road,Salles,Eritrea,Curabitur@magna.com
Meredith F. Clayton,425-7583,Ap #929-9420 Vivamus Rd.,Friedberg,Czech Republic,elit.pharetra@dui.co.uk
Rajah Carrillo,1-576-789-5730,910-8300 Varius Rd.,Bertiolo,Afghanistan,sapien.gravida.non@cursuset.net
Gabriel Richmond,1-387-932-2096,7458 Sapien. St.,Tropea,Cambodia,nunc.nulla.vulputate@anteblanditviverra.co.uk
Paul Merrill,1-313-739-3854,916-8087 Vehicula Rd.,Le Mans,Somalia,diam.Pellentesque@suscipitest.ca
Brynne S. Barr,939-4818,878-2231 Suspendisse Rd.,Wilhelmshaven,Samoa,euismod.et.commodo@nisi.co.uk
Cyrus Buckley,266-3123,"P.O. Box 572, 7680 Ullamcorper Ave",Sangli,Taiwan,accumsan.laoreet.ipsum@Quisqueimperdiet.ca
Chloe Burnett,828-0406,563-4105 Donec Avenue,Wabamun,Morocco,nec.orci.Donec@Suspendisse.co.uk
Zachery Wilcox,1-611-756-4723,462-2112 In Rd.,Barddhaman,Hong Kong,eget@tinciduntaliquamarcu.com
Casey Mcgowan,1-155-558-4461,420-7327 Facilisis Street,Pfungstadt,Iran,tellus.faucibus.leo@Sedpharetrafelis.org
Cole X. Hopper,1-328-505-0545,561-7476 Eget St.,Saint John,Macao,urna@Lorem.net
Tara Bender,1-757-378-4079,1247 Nonummy Rd.,Avellino,Dominica,libero.Integer@ligulaelitpretium.org
Malik Grimes,793-4359,Ap #603-3303 Libero. St.,Winnipeg,Congo (Brazzaville),Donec.nibh.enim@consectetuercursuset.org
Ulla Russo,662-7778,"P.O. Box 975, 4593 Ante. Street",Vitória da Conquista,Slovakia,mauris.sit.amet@blanditatnisi.ca
Colby Moran,1-788-230-1991,3696 Augue Ave,Hualpén,France,eu@Aenean.edu
Maggy Wooten,912-7242,"P.O. Box 365, 6109 Metus. Rd.",Kapuskasing,Indonesia,facilisis.eget.ipsum@consequat.com
Cameron Guthrie,988-2217,Ap #861-8699 Non Ave,Pontypridd,Turks and Caicos Islands,ipsum@liberoDonec.net
Gail Villarreal,1-405-823-4207,371-7266 Tortor Avenue,Saint-Remy-Geest,Marshall Islands,Curabitur.dictum.Phasellus@maurisipsum.edu
Harding Salinas,1-505-843-5401,4167 Nunc Ave,Arsimont,Montserrat,Fusce.aliquam@velesttempor.edu
Idona W. Bonner,283-6921,Ap #302-2966 Cum Av.,Nieuwenrode,Faroe Islands,elementum.lorem@convallisdolor.co.uk
Warren Castillo,1-250-875-9104,Ap #275-2917 Curabitur Rd.,La Baie,Ireland,Aenean@ametrisus.com
Clayton Harmon,1-609-380-9257,6930 Duis Road,College,United States,bibendum@interdumfeugiatSed.edu
Alana Vasquez,1-853-288-4269,1511 Lobortis Ave,Richmond Hill,Israel,faucibus.id.libero@egestas.net
Mason R. Trujillo,172-5777,Ap #711-213 Sagittis Avenue,Quinta Normal,Sudan,egestas@malesuadamalesuadaInteger.ca
Garrison Lindsey,420-1477,"P.O. Box 466, 7919 In Av.",Dunbar,Zambia,ipsum.ac@quam.net
Jenna Mercado,102-2189,"P.O. Box 484, 9648 Sit Avenue",Pollena Trocchia,Burkina Faso,Nulla.facilisis.Suspendisse@urnanec.net
Drake Savage,1-790-105-7695,"P.O. Box 254, 2688 Luctus, Street",Hastings,Tunisia,quis.accumsan.convallis@fringilla.edu
Rana Z. Colon,486-7539,Ap #682-9992 Neque Rd.,Gespeg,Canada,rutrum.non.hendrerit@etlacinia.com
Melodie Knox,1-479-861-6093,245-8811 Ut St.,Whitehorse,Norway,arcu@laciniaorciconsectetuer.ca
Cooper T. Horton,768-1000,"P.O. Box 383, 139 A Ave",Fernie,Israel,sit@eros.ca
Eaton Nelson,746-8562,7989 Magna Rd.,Ludlow,Cocos (Keeling) Islands,eu@aenim.ca
Lucian W. Lynn,1-392-783-0634,7312 Tristique St.,Tirrases,Western Sahara,purus.Duis.elementum@ut.org
Sydney Anderson,1-610-717-0447,"P.O. Box 720, 9179 Fermentum Street",Ingolstadt,Saint Vincent and The Grenadines,ante.ipsum.primis@ornare.org
Jane Joyner,1-131-574-3183,200-5702 Mollis St.,HavrŽ,Austria,magna.sed.dui@diamPellentesquehabitant.com
Yen P. Browning,473-1433,Ap #221-1593 Fringilla St.,Gentbrugge,Isle of Man,enim@nuncinterdum.edu
Katell Simmons,1-647-852-3590,"P.O. Box 133, 5382 Enim Ave",Rionero in Vulture,Hong Kong,dui.lectus@erat.org
Freya B. Fischer,514-9914,Ap #869-5869 Neque Avenue,Pudahuel,Rwanda,Cras@dictumeu.org
Rama W. Mack,1-849-217-6292,2992 Vitae Rd.,Moricone,Jamaica,neque.vitae@nullamagna.edu
Lawrence Z. Carrillo,352-3711,6427 Eros Avenue,Northumberland,Latvia,Integer.vitae@arcu.org
Quyn Serrano,1-450-807-5530,"P.O. Box 133, 6862 Diam Road",Lagonegro,Ireland,tincidunt@egestasadui.co.uk
Indira L. Mccormick,1-330-764-3846,"P.O. Box 679, 7373 Mollis Ave",Rampur,Saint Pierre and Miquelon,eleifend@purus.ca
Rina W. Harris,760-1654,"P.O. Box 642, 2289 Volutpat. Street",Dolceacqua,Ghana,eget.venenatis.a@Curae.com
Cherokee George,1-722-165-1370,221-3908 Pellentesque Av.,Ourense,Ukraine,amet.risus@risusaultricies.co.uk
Michael Riddle,476-0145,581-1223 Aliquam Rd.,Logan City,Guatemala,In@ornarelectusjusto.net
Kay Rice,477-5481,"2398 Lectus, Road",Rutten,Isle of Man,ornare@egestas.co.uk
Arden Leonard,383-6541,1274 Nullam St.,Esslingen,Italy,pede.Suspendisse.dui@ullamcorper.ca
Chantale Sharpe,1-600-834-9076,1229 Nisl. Av.,Windsor,Mauritius,Suspendisse.commodo.tincidunt@placerat.ca
Calvin Herman,1-461-665-6848,263-4846 Sed St.,Castel Maggiore,Romania,iaculis.lacus@ipsumprimis.com
Walter R. Gaines,370-5831,3247 Parturient Ave,Kitchener,Niger,sit@risusDonec.net
Berk Finley,1-765-752-4793,6138 Faucibus Ave,Cavallino,Chile,sapien.molestie@nonbibendum.edu
Timothy Chambers,819-2872,865-2066 Vel Rd.,Dordrecht,Egypt,purus.sapien@odioAliquamvulputate.edu
Ariana M. Olson,447-5000,"173-4952 Pede, Avenue",Zwevegem,Dominican Republic,augue.malesuada@magnisdisparturient.co.uk
Mason E. Kelly,1-896-767-7525,593 Turpis. Av.,Fraser-Fort George,Uganda,Maecenas.mi@tortordictumeu.org
Keane Stein,457-2683,567-6664 Egestas St.,Burgos,Turks and Caicos Islands,rhoncus.Donec@placerataugueSed.com
Ginger Morse,1-228-310-1687,"P.O. Box 618, 8055 Integer St.",Bosa,Anguilla,in@eratEtiam.net
Maggy Cotton,1-541-405-3049,7304 Euismod Avenue,Sommariva Perno,Kyrgyzstan,amet@facilisisvitae.ca
Talon R. May,143-7688,890-4439 Varius. Avenue,Richmond,Turkmenistan,sit.amet.nulla@orciluctus.org
Devin L. Boone,1-132-242-8605,1488 Dignissim Ave,Teruel,Switzerland,nec.tempus.scelerisque@ettristiquepellentesque.ca
Orli E. Baxter,371-7491,1506 Egestas Rd.,Piła,Croatia,eget.tincidunt@Curabiturvellectus.net
Wing Velazquez,354-5776,859-3576 Tincidunt Street,Oostkamp,Mayotte,consequat.nec.mollis@vitaeodiosagittis.edu
Inez Simon,461-0691,Ap #788-4701 Aliquet St.,Chaitén,Antigua and Barbuda,laoreet@magnaUt.org
Kyle Leonard,179-3944,685-2553 Ultrices Avenue,Placilla,Botswana,Ut.nec@pedeSuspendissedui.edu
Selma Christensen,978-6407,Ap #595-189 Malesuada Road,Mira Bhayandar,Montserrat,ut@Maecenasiaculis.co.uk
Gwendolyn Crosby,692-9172,997 Posuere Rd.,San Miguel,Albania,molestie.orci.tincidunt@feugiat.org
Gary Alvarez,1-692-738-4449,Ap #890-8397 Euismod Ave,Westende,Dominican Republic,Donec@consequat.co.uk
Knox L. Cash,535-9704,"P.O. Box 469, 4278 Condimentum Rd.",Gönen,American Samoa,nunc@erat.co.uk
Drake P. Guerrero,250-6382,6247 Aliquet Av.,Caerphilly,Guyana,Maecenas@temporaugueac.com
Blossom Chandler,142-2607,7121 Diam. Rd.,Illapel,Czech Republic,in@est.ca
Joan O. Ingram,1-889-203-6592,8198 Curae; Av.,Baton Rouge,Wallis and Futuna,Suspendisse@lectusNullam.co.uk
Buffy R. Austin,413-3678,203-4493 A Road,Herentals,Iraq,nulla.ante@purus.net
Yoko M. Mcgowan,1-731-637-5890,"P.O. Box 881, 7563 Nisl. Av.",Bihain,Guinea,lobortis.mauris.Suspendisse@seddolor.org
Walker Q. Wolfe,1-240-595-6907,482-4531 Mauris Rd.,Schepdaal,Moldova,vitae@miac.edu
Blake Cross,979-7498,Ap #678-3509 Nascetur Av.,Albany,Sint Maarten,vel.venenatis.vel@orcilobortis.net
Naida Guthrie,1-138-699-9182,"P.O. Box 656, 5397 Gravida. Ave",Tulita,Sudan,sit.amet@tinciduntvehicularisus.org
Yardley Singleton,945-1641,Ap #815-7648 Non Rd.,Duffel,Botswana,adipiscing@Duisdignissimtempor.com
Lenore M. Boyer,513-0044,Ap #836-7039 Lorem Avenue,Attimis,Venezuela,semper.dui.lectus@rutrumnon.com
Edan Cortez,1-223-433-5209,"159-6608 Eu, St.",High Level,Algeria,Mauris.vestibulum.neque@odio.ca
Quintessa T. Martinez,1-672-341-8336,8916 Pede St.,Rothesay,Tajikistan,consectetuer@inmagnaPhasellus.edu
Reuben Skinner,1-790-135-9618,Ap #810-9918 Enim Street,Essex,Bahamas,eu.metus.In@magnis.edu
Yoshio Leblanc,1-508-613-2127,177-9263 Vitae Ave,Redwater,Bahamas,euismod.est@cursusinhendrerit.edu
Rebecca French,397-3408,870-7596 Eros Rd.,Pocatello,Northern Mariana Islands,orci.Phasellus@enim.org
Shana K. Kerr,354-7392,Ap #215-8596 Cursus Ave,Toronto,Estonia,augue@vitae.edu
Gemma Leonard,175-7956,"P.O. Box 634, 4298 Elit. Rd.",Cuccaro Vetere,Saudi Arabia,mi.lorem@Maurismolestie.co.uk
Adara Estrada,1-893-111-1453,624-5679 Nulla. Rd.,Gijzelbrechtegem,Kyrgyzstan,faucibus.ut.nulla@dapibus.ca
